Parameter,Coefficient,Standard Error,p-value,Confidence Interval Lower,Confidence Interval Upper
Intercept,982.1558615471714,0.44100036836860596,0.0,981.291516708,983.0202063863428
Group[T.Verum],20.128086894591373,39.24903278476423,0.6080701460431421,-56.798603791578344,97.0547775807611
Group Var,1.0,,,,
