Parameter,Coefficient,Standard Error,p-value,Confidence Interval Lower,Confidence Interval Upper
Intercept,29.893258127929748,0.5745343049263647,0.0,28.76719158239132,31.019324673468176
Group[T.Verum],-0.5005906178643069,1.7538415624067982,0.7753183862418955,-3.9380569147710887,2.9368756790424753
Group Var,1.0,,,,
