Parameter,Coefficient,Standard Error,p-value,Confidence Interval Lower,Confidence Interval Upper
Intercept,449.3279608494119,20.311540668483545,1.9496559800605807e-108,409.51807266866354,489.1378490301603
Group[T.Verum],-11.516066513931833,13.671229296094703,0.3995877116198401,-38.31118355866633,15.27905053080266
Group Var,1.0,,,,
