Parameter,Coefficient,Standard Error,p-value,Confidence Interval Lower,Confidence Interval Upper
Intercept,0.7605132962275818,0.22011241964796785,0.0005500621053544187,0.3291008811675982,1.1919257112875654
Group[T.Verum],0.004471341786203686,0.20318069505966263,0.982442590652642,-0.39375550288455036,0.4026981864569577
Group Var,1.0,,,,
