Parameter,Coefficient,Standard Error,p-value,Confidence Interval Lower,Confidence Interval Upper
Intercept,357.8720806504422,12.230940397641044,3.392473099156339e-188,333.8998779740097,381.84428332687463
Group[T.Verum],-8.134435269023616,5.5912870389216165,0.14571320334420307,-19.093156492535588,2.8242859544883565
Group Var,1.0,,,,
