Parameter,Coefficient,Standard Error,p-value,Confidence Interval Lower,Confidence Interval Upper
Intercept,15.92040069616363,3.9277104907970997,5.0488532314800686e-05,8.222229592501176,23.618571799826086
Group[T.Verum],3.2069709894414493,2.5681183978288735,0.2117518055493114,-1.8264485783378492,8.240390557220747
Group Var,1.0,,,,
