Parameter,Coefficient,Standard Error,p-value,Confidence Interval Lower,Confidence Interval Upper
Intercept,1.1894648768598328,0.27904704067728575,2.020653927404911e-05,0.6425427271398693,1.7363870265797963
Group[T.Verum],0.7442103575120379,0.0831203950953619,3.4469012972136246e-19,0.5812973767443889,0.9071233382796869
Group Var,1.0,,,,
