Parameter,Coefficient,Standard Error,p-value,Confidence Interval Lower,Confidence Interval Upper
Intercept,66.686034814017,3.0046987984467823,3.93211145447195e-109,60.79693338467054,72.57513624336347
Group[T.Verum],0.27973066055712525,3.333337729526899,0.9331207634687688,-6.253491237624113,6.812952558738363
Group Var,1.0,,,,
