Parameter,Coefficient,Standard Error,p-value,Confidence Interval Lower,Confidence Interval Upper
Intercept,34.80298100101286,4.174272494804827,7.588009667689561e-17,26.62155724953924,42.98440475248648
Group[T.Verum],-2.392909831341042,9.600826738051103,0.8031751580684448,-21.21018445973037,16.424364797048284
Group Var,1.0,,,,
