Parameter,Coefficient,Standard Error,p-value,Confidence Interval Lower,Confidence Interval Upper
Intercept,2.269576901756203,0.17230604379163156,1.2755840037265254e-39,1.9318632616060236,2.607290541906382
Group[T.Verum],-0.10531097734184583,0.5599946423228026,0.8508318778160858,-1.2028803078299284,0.9922583531462367
Group Var,1.0,,,,
