Parameter,Coefficient,Standard Error,p-value,Confidence Interval Lower,Confidence Interval Upper
Intercept,0.07571076234642242,0.013750329207120321,3.668588707226063e-08,0.048760612324897395,0.10266091236794744
Group[T.Verum],0.04619097923285404,0.008967606004643684,2.592798699500721e-07,0.02861479443620729,0.06376716402950079
Group Var,1.0,,,,
