Parameter,Coefficient,Standard Error,p-value,Confidence Interval Lower,Confidence Interval Upper
Intercept,539.437802633015,0.7622782382388762,0.0,537.9437647398682,540.9318405261619
Group[T.Verum],0.028948465094270542,3.089232860231238,0.9925233233070503,-6.0258366808166155,6.083733611005156
Group Var,1.0,,,,
