Parameter,Coefficient,Standard Error,p-value,Confidence Interval Lower,Confidence Interval Upper
Intercept,17.40138399857549,1.083847753063655,5.25757989335135e-58,15.277081437846064,19.525686559304916
Group[T.Verum],4.588009363139668,4.5676441021968355,0.3151576205739878,-4.36440857136292,13.540427297642257
Group Var,1.0,,,,
