Parameter,Coefficient,Standard Error,p-value,Confidence Interval Lower,Confidence Interval Upper
Intercept,1.075419393950619,0.0955314385443821,2.1335960056399836e-29,0.8881812150123285,1.2626575728889093
Group[T.Verum],0.2799799554161614,0.10517222592042053,0.007765267048335555,0.07384618043822722,0.48611373039409556
Group Var,1.0,,,,
